<?xml version="1.0" encoding="UTF-8"?>
<beans xmlns="http://www.springframework.org/schema/beans"
	xmlns:xsi="http://www.w3.org/2001/XMLSchema-instance" xmlns:aop="http://www.springframework.org/schema/aop"
	xmlns:context="http://www.springframework.org/schema/context"
	xsi:schemaLocation="
	http://www.springframework.org/schema/beans
	http://www.springframework.org/schema/beans/spring-beans-2.5.xsd">

	<bean id="tccInfoService" class="com.ali.service.impl.TccInfoServiceImpl">
		<property name="teachClaCouMapper" ref="teachClaCouMapper" />
	</bean>

	<bean id="teachInfoService" class="com.ali.service.impl.TeacherInfoServiceImpl">
		<property name="teacherMapper" ref="teacherMapper" />
	</bean>

	<bean id="couInfoService" class="com.ali.service.impl.CouInfoServiceImpl">
		<property name="coursesMapper" ref="coursesMapper" />
	</bean>

	<bean id="claInfoService" class="com.ali.service.impl.ClaInfoServiceImpl">
		<property name="classesMapper" ref="classesMapper" />
	</bean>

	<bean id="stuInfoService" class="com.ali.service.impl.StuInfoServiceImpl">
		<property name="studentsMapper" ref="studentsMapper" />
	</bean>

	<bean id="loginService" class="com.ali.service.impl.LoginServiceImpl">
		<property name="studentsMapper" ref="studentsMapper" />
	</bean>
	<bean id="homeworkService" class="com.ali.service.impl.HomeworkServiceImpl">
		<property name="homeworkMapper" ref="homeworkMapper" />
		<property name="hworkPublishMapper" ref="hworkPublishMapper" />
	</bean>
	<bean id="hworkPublishService" class="com.ali.service.impl.HworkPublishServiceImpl">
		<property name="hworkPublishMapper" ref="hworkPublishMapper" />
	</bean>
</beans> 