<?xml version="1.0" encoding="UTF-8"?>
<beans xmlns="http://www.springframework.org/schema/beans"
	xmlns:xsi="http://www.w3.org/2001/XMLSchema-instance" xmlns:aop="http://www.springframework.org/schema/aop"
	xmlns:context="http://www.springframework.org/schema/context"
	xsi:schemaLocation="
	http://www.springframework.org/schema/beans
	http://www.springframework.org/schema/beans/spring-beans-2.5.xsd">

	<!-- start：登陆验证的Action -->
	<bean id="loginAction" class="com.ali.action.LoginAction" scope="prototype">
		<property name="loginService" ref="loginService" />
		<property name="homeworkService" ref="homeworkService" />
		<property name="tccInfoService" ref="tccInfoService" />
	</bean>
	<!-- start：登陆验证的Action -->

	<!-- start：文件上传下载的Action -->
	<bean id="fileUploadAction" class="com.ali.action.FileUploadAction"
		scope="prototype">
		<property name="homeworkService" ref="homeworkService" />

	</bean>
	<bean id="fileDownloadAction" class="com.ali.action.FileDownloadAction"
		scope="prototype">
	</bean>
	<!-- end：文件上传下载的Action -->

	<!-- start：管理员后台的Action -->
	<bean id="tccInfoAction" class="com.ali.action.TccInfoAction"
		scope="prototype">
		<property name="tccInfoService" ref="tccInfoService" />
	</bean>

	<bean id="teachInfoAction" class="com.ali.action.TeacherInfoAction"
		scope="prototype">
		<property name="teachInfoService" ref="teachInfoService" />
	</bean>

	<bean id="claInfoAction" class="com.ali.action.ClassesInfoAction"
		scope="prototype">
		<property name="claInfoService" ref="claInfoService" />
	</bean>

	<bean id="couInfoAction" class="com.ali.action.CoursesInfoAction"
		scope="prototype">
		<property name="couInfoService" ref="couInfoService" />
	</bean>

	<bean id="stuInfoAction" class="com.ali.action.StuInfoAction"
		scope="prototype">
		<property name="stuInfoService" ref="stuInfoService" />
	</bean>
	<!-- end：管理员后台的Action -->

	<!-- start：教师后台的Action -->
	<bean id="hworkPublishInfoAction" class="com.ali.action.HworkPublishInfoAction"
		scope="prototype">
		<property name="hworkPublishService" ref="hworkPublishService" />
	</bean>
	<!-- end：教师后台的Action -->
</beans> 