<?xml version="1.0" encoding="UTF-8"?>
<!DOCTYPE struts PUBLIC
	"-//Apache Software Foundation//DTD Struts Configuration 2.3//EN"
	"http://struts.apache.org/dtds/struts-2.3.dtd">

<struts>
	<constant name="struts.enable.DynamicMethodInvocation" value="false" />
	<constant name="struts.devMode" value="true" />
	<constant name="struts.multipart.saveDir" value="../webapps/tmp" />

	<package name="default" namespace="/" extends="struts-default">
	<!--  -->
		<action name="login_*" class="loginAction" method="{1}">
			<result name="front-success">/WEB-INF/front/studentInfo.jsp</result>
			<result name="front-error">login.jsp</result>
			<result name="backend-success">/WEB-INF/backend/backend.html</result>
			<result name="backend-error">index.html</result>
		</action>
<!--  -->
		<!-- 文件上传 -->
		<action name="fileupload" class="fileUploadAction">
			<interceptor-ref name="fileUpload">
				<!-- 单个上传文件的最大值默认最大值2M -->
				<param name="maximumSize">10485760</param>
				<!-- 只能上传的文件的类型,可到tomcat的web-xml中查看各种文件类型 -->
				<!-- <param name="allowedTypes">application/msword,application/vnd.ms-powerpoint,application/xml,application/zip</param> -->
				<!-- 允许后缀名为 的文件上传 -->
				<param name="allowedExtensions">
					doc,docx,xls,xlsx,ppt,pptx,zip,rar,7z
				</param>
			</interceptor-ref>
			<!-- 动态设置savePath的属性值 -->
			<param name="savepath">../document/</param>
			<result name="success">/success.jsp</result>
			<interceptor-ref name="defaultStack"></interceptor-ref>
		</action>
		<action name="filedownload" class="fileDownloadAction">
			<result type="stream">
				<param name="contentType">application/octet-stream</param>
				<param name="bufferSize">2048</param>
			</result>
		</action>
	</package>

	<package name="backend" namespace="/json" extends="json-default">
		<action name="tccInfo_*" method="{1}" class="tccInfoAction">
			<result type="json">
				<param name="root">jsonObject</param>
			</result>
		</action>

		<action name="couInfo_*" method="{1}" class="couInfoAction">
			<result type="json">
				<param name="root">jsonObject</param>
			</result>
		</action>

		<action name="claInfo_*" method="{1}" class="claInfoAction">
			<result type="json">
				<param name="root">jsonObject</param>
			</result>
		</action>

		<action name="teachInfo_*" method="{1}" class="teachInfoAction">
			<result type="json">
				<param name="root">jsonObject</param>
			</result>
		</action>

		<action name="stuInfo_*" method="{1}" class="stuInfoAction">
			<result type="json">
				<param name="root">jsonObject</param>
			</result>
		</action>
		<action name="hworkPublishInfo_*" method="{1}" class="hworkPublishInfoAction">
			<result type="json">
				<param name="root">jsonObject</param>
			</result>
		</action>
	</package>
</struts>