<?xml version="1.0" encoding="UTF-8" ?>
<!DOCTYPE generatorConfiguration PUBLIC "-//mybatis.org//DTD MyBatis Generator Configuration 1.0//EN" "http://mybatis.org/dtd/mybatis-generator-config_1_0.dtd" >
<generatorConfiguration>
	<classPathEntry
		location="E:\maven\storage\mysql\mysql-connector-java\5.1.34\mysql-connector-java-5.1.34.jar" />
	<context id="context1">
		<commentGenerator>
			<property name="suppressAllComments" value="true" />
			<property name="suppressDate" value="true" />
			<property name="javaFileEncoding" value="UTF-8" />
		</commentGenerator>
		<jdbcConnection driverClass="com.mysql.jdbc.Driver"
			connectionURL="jdbc:mysql://127.0.0.1:3306/ali?characterEncoding=utf8"
			userId="root" password="a" />

		<javaModelGenerator targetPackage="com.ali.model"
			targetProject="HworkManager/src/main/java" />

		<sqlMapGenerator targetPackage="com.ali.mapper"
			targetProject="HworkManager/src/main/resources" />

		<javaClientGenerator targetPackage="com.ali.mapper"
			targetProject="HworkManager/src/main/java" type="XMLMAPPER" />

		<!-- <table tableName="classes" domainObjectName="Classes" enableCountByExample="false" 
			enableUpdateByExample="false" enableDeleteByExample="false" enableSelectByExample="false" 
			selectByExampleQueryId="false" /> <table tableName="courses" domainObjectName="Courses" 
			enableCountByExample="false" enableUpdateByExample="false" enableDeleteByExample="false" 
			enableSelectByExample="false" selectByExampleQueryId="false" /> <table tableName="teach_cla_cou" 
			domainObjectName="TeachClaCou" enableCountByExample="false" enableUpdateByExample="false" 
			enableDeleteByExample="false" enableSelectByExample="false" selectByExampleQueryId="false" 
			/> <table tableName="teacher" domainObjectName="Teacher" enableCountByExample="false" 
			enableUpdateByExample="false" enableDeleteByExample="false" enableSelectByExample="false" 
			selectByExampleQueryId="false" /> <table tableName="homework" domainObjectName="Homework" 
			enableCountByExample="false" enableUpdateByExample="false" enableDeleteByExample="false" 
			enableSelectByExample="false" selectByExampleQueryId="false" /> <table tableName="hworkpublish" 
			domainObjectName="HworkPublish" enableCountByExample="false" enableUpdateByExample="false" 
			enableDeleteByExample="false" enableSelectByExample="false" selectByExampleQueryId="false" 
			/> <table tableName="students" domainObjectName="Students" enableCountByExample="false" 
			enableUpdateByExample="false" enableDeleteByExample="false" enableSelectByExample="false" 
			selectByExampleQueryId="false" /> -->
		<table tableName="people" domainObjectName="People"
			enableCountByExample="false" enableUpdateByExample="false"
			enableDeleteByExample="false" enableSelectByExample="false"
			selectByExampleQueryId="false" />
	</context>
</generatorConfiguration>