<?xml version="1.0" encoding="UTF-8" ?>
<!DOCTYPE mapper PUBLIC "-//mybatis.org//DTD Mapper 3.0//EN" "http://mybatis.org/dtd/mybatis-3-mapper.dtd" >
<mapper namespace="com.ali.mapper.ClassesMapper">
	<resultMap id="BaseResultMap" type="com.ali.model.Classes">
		<id column="claId" property="claid" jdbcType="INTEGER" />
		<result column="claName" property="claname" jdbcType="VARCHAR" />
		<result column="claStatus" property="clastatus" jdbcType="VARCHAR" />
	</resultMap>
	<sql id="Base_Column_List">
		claId, claName, claStatus
	</sql>
	<select id="selectByPrimaryKey" resultMap="BaseResultMap"
		parameterType="java.lang.Integer">
		select
		<include refid="Base_Column_List" />
		from classes
		where claId = #{claid,jdbcType=INTEGER}
	</select>
	<delete id="deleteByPrimaryKey" parameterType="java.lang.Integer">
		delete from
		classes
		where claId = #{claid,jdbcType=INTEGER}
	</delete>
	<insert id="insert" parameterType="com.ali.model.Classes">
		insert into classes (claId,
		claName, claStatus
		)
		values (#{claid,jdbcType=INTEGER},
		#{claname,jdbcType=VARCHAR},
		#{clastatus,jdbcType=VARCHAR}
		)
	</insert>
	<insert id="insertSelective" parameterType="com.ali.model.Classes">
		insert into classes
		<trim prefix="(" suffix=")" suffixOverrides=",">
			<if test="claid != null">
				claId,
			</if>
			<if test="claname != null">
				claName,
			</if>
			<if test="clastatus != null">
				claStatus,
			</if>
		</trim>
		<trim prefix="values (" suffix=")" suffixOverrides=",">
			<if test="claid != null">
				#{claid,jdbcType=INTEGER},
			</if>
			<if test="claname != null">
				#{claname,jdbcType=VARCHAR},
			</if>
			<if test="clastatus != null">
				#{clastatus,jdbcType=VARCHAR},
			</if>
		</trim>
	</insert>
	<update id="updateByPrimaryKeySelective" parameterType="com.ali.model.Classes">
		update classes
		<set>
			<if test="claname != null">
				claName = #{claname,jdbcType=VARCHAR},
			</if>
			<if test="clastatus != null">
				claStatus = #{clastatus,jdbcType=VARCHAR},
			</if>
		</set>
		where claId = #{claid,jdbcType=INTEGER}
	</update>
	<update id="updateByPrimaryKey" parameterType="com.ali.model.Classes">
		update classes
		set
		claName = #{claname,jdbcType=VARCHAR},
		claStatus =
		#{clastatus,jdbcType=VARCHAR}
		where claId = #{claid,jdbcType=INTEGER}
	</update>

	<!-- -->
	<select id="selectAllClaInfo" resultMap="BaseResultMap"
		parameterType="java.lang.Integer">
		select
		<include refid="Base_Column_List" />
		from classes
		order by claId asc
		limit
		#{startNo,jdbcType=INTEGER},#{pageSize,jdbcType=INTEGER};
	</select>
	<select id="countClaInfo" resultType="java.lang.Integer">
		select count(claId)
		from
		classes
	</select>
</mapper>