<?xml version="1.0" encoding="UTF-8" ?>
<!DOCTYPE mapper PUBLIC "-//mybatis.org//DTD Mapper 3.0//EN" "http://mybatis.org/dtd/mybatis-3-mapper.dtd" >
<mapper namespace="com.ali.mapper.CoursesMapper">
	<resultMap id="BaseResultMap" type="com.ali.model.Courses">
		<id column="couId" property="couid" jdbcType="INTEGER" />
		<result column="couName" property="couname" jdbcType="VARCHAR" />
		<result column="couStatus" property="coustatus" jdbcType="VARCHAR" />
	</resultMap>
	<sql id="Base_Column_List">
		couId, couName, couStatus
	</sql>
	<select id="selectByPrimaryKey" resultMap="BaseResultMap"
		parameterType="java.lang.Integer">
		select
		<include refid="Base_Column_List" />
		from courses
		where couId = #{couid,jdbcType=INTEGER}
	</select>
	<delete id="deleteByPrimaryKey" parameterType="java.lang.Integer">
		delete from courses
		where couId = #{couid,jdbcType=INTEGER}
	</delete>
	<insert id="insert" parameterType="com.ali.model.Courses">
		insert into courses (couId, couName, couStatus
		)
		values (#{couid,jdbcType=INTEGER}, #{couname,jdbcType=VARCHAR},
		#{coustatus,jdbcType=VARCHAR}
		)
	</insert>
	<insert id="insertSelective" parameterType="com.ali.model.Courses">
		insert into courses
		<trim prefix="(" suffix=")" suffixOverrides=",">
			<if test="couid != null">
				couId,
			</if>
			<if test="couname != null">
				couName,
			</if>
			<if test="coustatus != null">
				couStatus,
			</if>
		</trim>
		<trim prefix="values (" suffix=")" suffixOverrides=",">
			<if test="couid != null">
				#{couid,jdbcType=INTEGER},
			</if>
			<if test="couname != null">
				#{couname,jdbcType=VARCHAR},
			</if>
			<if test="coustatus != null">
				#{coustatus,jdbcType=VARCHAR},
			</if>
		</trim>
	</insert>
	<update id="updateByPrimaryKeySelective" parameterType="com.ali.model.Courses">
		update courses
		<set>
			<if test="couname != null">
				couName = #{couname,jdbcType=VARCHAR},
			</if>
			<if test="coustatus != null">
				couStatus = #{coustatus,jdbcType=VARCHAR},
			</if>
		</set>
		where couId = #{couid,jdbcType=INTEGER}
	</update>
	<update id="updateByPrimaryKey" parameterType="com.ali.model.Courses">
		update courses
		set couName = #{couname,jdbcType=VARCHAR},
		couStatus = #{coustatus,jdbcType=VARCHAR}
		where couId = #{couid,jdbcType=INTEGER}
	</update>

	<!-- -->
	<select id="selectAllCouInfo" resultMap="BaseResultMap"
		parameterType="java.lang.Integer">
		select
		<include refid="Base_Column_List" />
		from courses
		order by couId asc
		limit
		#{startNo,jdbcType=INTEGER},#{pageSize,jdbcType=INTEGER};
	</select>
	<select id="countCouInfo" resultType="java.lang.Integer">
		select count(couId)
		from
		courses
	</select>
</mapper>