<?xml version="1.0" encoding="UTF-8" ?>
<!DOCTYPE mapper PUBLIC "-//mybatis.org//DTD Mapper 3.0//EN" "http://mybatis.org/dtd/mybatis-3-mapper.dtd" >
<mapper namespace="com.ali.mapper.HomeworkMapper">
	<resultMap id="BaseResultMap" type="com.ali.model.Homework">
		<id column="hwId" property="hwid" jdbcType="INTEGER" />
		<result column="stuId" property="stuid" jdbcType="INTEGER" />
		<result column="hwpId" property="hwpid" jdbcType="INTEGER" />
		<result column="hwPath" property="hwpath" jdbcType="VARCHAR" />
		<result column="hwStatus" property="hwstatus" jdbcType="VARCHAR" />
	</resultMap>

	<resultMap id="StuHomeworkResultMap" type="com.ali.resultMap.StuHomeworkResultMap">
		<id column="hwId" property="hwid" jdbcType="INTEGER" />
		<result column="claId" property="claid" jdbcType="INTEGER" />
		<result column="couName" property="couname" jdbcType="VARCHAR" />
		<result column="stuId" property="stuid" jdbcType="INTEGER" />
		<result column="couId" property="couid" jdbcType="INTEGER" />
		<result column="hwpId" property="hwpid" jdbcType="INTEGER" />
		<result column="hwName" property="hwname" jdbcType="VARCHAR" />
		<result column="hwInfo" property="hwinfo" jdbcType="VARCHAR" />
		<result column="hwCreatetime" property="hwcreatetime" jdbcType="DATE" />
		<result column="hwPath" property="hwpath" jdbcType="VARCHAR" />
		<result column="hwStatus" property="hwstatus" jdbcType="VARCHAR" />
	</resultMap>

	<sql id="Base_Column_List">
		hwId, stuId, hwpId, hwPath, hwStatus
	</sql>
	<select id="selectByPrimaryKey" resultMap="BaseResultMap"
		parameterType="java.lang.Integer">
		select
		<include refid="Base_Column_List" />
		from homework
		where hwId = #{hwid,jdbcType=INTEGER}
	</select>
	<delete id="deleteByPrimaryKey" parameterType="java.lang.Integer">
		delete from
		homework
		where hwId = #{hwid,jdbcType=INTEGER}
	</delete>
	<insert id="insert" parameterType="com.ali.model.Homework">
		insert into homework (hwId,
		stuId, hwpId,
		hwPath, hwStatus)
		values (#{hwid,jdbcType=INTEGER},
		#{stuid,jdbcType=INTEGER},
		#{hwpid,jdbcType=INTEGER},
		#{hwpath,jdbcType=VARCHAR}, #{hwstatus,jdbcType=VARCHAR})
	</insert>
	<insert id="insertSelective" parameterType="com.ali.model.Homework">
		insert into homework
		<trim prefix="(" suffix=")" suffixOverrides=",">
			<if test="hwid != null">
				hwId,
			</if>
			<if test="stuid != null">
				stuId,
			</if>
			<if test="hwpid != null">
				hwpId,
			</if>
			<if test="hwpath != null">
				hwPath,
			</if>
			<if test="hwstatus != null">
				hwStatus,
			</if>
		</trim>
		<trim prefix="values (" suffix=")" suffixOverrides=",">
			<if test="hwid != null">
				#{hwid,jdbcType=INTEGER},
			</if>
			<if test="stuid != null">
				#{stuid,jdbcType=INTEGER},
			</if>
			<if test="hwpid != null">
				#{hwpid,jdbcType=INTEGER},
			</if>
			<if test="hwpath != null">
				#{hwpath,jdbcType=VARCHAR},
			</if>
			<if test="hwstatus != null">
				#{hwstatus,jdbcType=VARCHAR},
			</if>
		</trim>
	</insert>
	<update id="updateByPrimaryKeySelective" parameterType="com.ali.model.Homework">
		update homework
		<set>
			<if test="stuid != null">
				stuId = #{stuid,jdbcType=INTEGER},
			</if>
			<if test="hwpid != null">
				hwpId = #{hwpid,jdbcType=INTEGER},
			</if>
			<if test="hwpath != null">
				hwPath = #{hwpath,jdbcType=VARCHAR},
			</if>
			<if test="hwstatus != null">
				hwStatus = #{hwstatus,jdbcType=VARCHAR},
			</if>
		</set>
		where hwId = #{hwid,jdbcType=INTEGER}
	</update>
	<update id="updateByPrimaryKey" parameterType="com.ali.model.Homework">
		update homework
		set stuId = #{stuid,jdbcType=INTEGER},
		hwpId =
		#{hwpid,jdbcType=INTEGER},
		hwPath = #{hwpath,jdbcType=VARCHAR},
		hwStatus = #{hwstatus,jdbcType=VARCHAR}
		where hwId =
		#{hwid,jdbcType=INTEGER}
	</update>


	<!-- -->
	<select id="selectStuHomeworkByStuId" resultMap="BaseResultMap"
		parameterType="java.lang.Integer">
		select
		<include refid="Base_Column_List" />
		from homework
		where stuId = #{stuId,jdbcType=INTEGER}
		order by hwpId asc
	</select>
	<select id="selectStuHomeworkByCouId" resultMap="BaseResultMap">
		select
		<include refid="Base_Column_List" />
		from homework
		where stuId = #{stuId,jdbcType=INTEGER} and couId =
		#{couId,jdbcType=INTEGER}
	</select>
	<select id="countHomeworkByStuId" resultType="java.lang.Integer">
		select count(*)
		from
		homework
		where stuId = #{stuId,jdbcType=INTEGER}
	</select>

	<sql id="StuRM_Column_List">
		hwId,claId,stuId,couId,couName,hwpId,hwName,hwInfo,hwCreatetime,hwPath,hwStatus
	</sql>
	<select id="selectAllHomeworkByStuId" resultMap="StuHomeworkResultMap">
		select
		<include refid="StuRM_Column_List" />
		from stuhomework
		where stuId = #{stuId,jdbcType=INTEGER}
		order by hwId asc
	</select>
	
	<update id="updateHwPath" parameterType="com.ali.model.Homework">
		update homework
		set hwPath = #{hwpath,jdbcType=VARCHAR},
		hwStatus = #{hwstatus,jdbcType=VARCHAR}
		where stuId = #{stuid,jdbcType=INTEGER} and hwpId =
		#{hwpid,jdbcType=INTEGER}
	</update>
	
</mapper>