<?xml version="1.0" encoding="UTF-8" ?>
<!DOCTYPE mapper PUBLIC "-//mybatis.org//DTD Mapper 3.0//EN" "http://mybatis.org/dtd/mybatis-3-mapper.dtd" >
<mapper namespace="com.ali.mapper.HworkPublishMapper">
	<resultMap id="BaseResultMap" type="com.ali.model.HworkPublish">
		<id column="hwpId" property="hwpid" jdbcType="INTEGER" />
		<result column="couId" property="couid" jdbcType="INTEGER" />
		<result column="claId" property="claid" jdbcType="INTEGER" />
		<result column="hwName" property="hwname" jdbcType="VARCHAR" />
		<result column="hwCreatetime" property="hwcreatetime" jdbcType="VARCHAR" />
		<result column="hwInfo" property="hwinfo" jdbcType="VARCHAR" />
		<result column="hwpStatus" property="hwpstatus" jdbcType="VARCHAR" />
	</resultMap>
	<resultMap id="HworkPublishResultMap" type="com.ali.resultMap.HworkPublishResultMap">
		<id column="hwpId" property="hwpid" jdbcType="INTEGER" />
		<result column="couId" property="couid" jdbcType="INTEGER" />
		<result column="couName" property="couname" jdbcType="VARCHAR" />
		<result column="claId" property="claid" jdbcType="INTEGER" />
		<result column="claName" property="claname" jdbcType="VARCHAR" />
		<result column="hwName" property="hwname" jdbcType="VARCHAR" />
		<result column="hwCreatetime" property="hwcreatetime" jdbcType="VARCHAR" />
		<result column="hwInfo" property="hwinfo" jdbcType="VARCHAR" />
		<result column="hwpStatus" property="hwpstatus" jdbcType="VARCHAR" />
	</resultMap>
	<sql id="Base_Column_List">
		hwpId, couId, claId, hwName, hwCreatetime, hwInfo,
		hwpStatus
	</sql>
	<select id="selectByPrimaryKey" resultMap="BaseResultMap"
		parameterType="java.lang.Integer">
		select
		<include refid="Base_Column_List" />
		from hworkpublish
		where hwpId = #{hwpid,jdbcType=INTEGER}
	</select>
	<delete id="deleteByPrimaryKey" parameterType="java.lang.Integer">
		delete from
		hworkpublish
		where hwpId = #{hwpid,jdbcType=INTEGER}
	</delete>
	<insert id="insert" parameterType="com.ali.model.HworkPublish">
		insert into hworkpublish
		(hwpId, couId, claId,
		hwName, hwCreatetime, hwInfo,
		hwpStatus)
		values
		(#{hwpid,jdbcType=INTEGER}, #{couid,jdbcType=INTEGER},
		#{claid,jdbcType=INTEGER},
		#{hwname,jdbcType=VARCHAR},
		#{hwcreatetime,jdbcType=DATE}, #{hwinfo,jdbcType=VARCHAR},
		#{hwpstatus,jdbcType=VARCHAR})
	</insert>
	<insert id="insertSelective" parameterType="com.ali.model.HworkPublish">
		insert into hworkpublish
		<trim prefix="(" suffix=")" suffixOverrides=",">
			<if test="hwpid != null">
				hwpId,
			</if>
			<if test="couid != null">
				couId,
			</if>
			<if test="claid != null">
				claId,
			</if>
			<if test="hwname != null">
				hwName,
			</if>
			<if test="hwcreatetime != null">
				hwCreatetime,
			</if>
			<if test="hwinfo != null">
				hwInfo,
			</if>
			<if test="hwpstatus != null">
				hwpStatus,
			</if>
		</trim>
		<trim prefix="values (" suffix=")" suffixOverrides=",">
			<if test="hwpid != null">
				#{hwpid,jdbcType=INTEGER},
			</if>
			<if test="couid != null">
				#{couid,jdbcType=INTEGER},
			</if>
			<if test="claid != null">
				#{claid,jdbcType=INTEGER},
			</if>
			<if test="hwname != null">
				#{hwname,jdbcType=VARCHAR},
			</if>
			<if test="hwcreatetime != null">
				#{hwcreatetime,jdbcType=DATE},
			</if>
			<if test="hwinfo != null">
				#{hwinfo,jdbcType=VARCHAR},
			</if>
			<if test="hwpstatus != null">
				#{hwpstatus,jdbcType=VARCHAR},
			</if>
		</trim>
	</insert>
	<update id="updateByPrimaryKeySelective" parameterType="com.ali.model.HworkPublish">
		update hworkpublish
		<set>
			<if test="couid != null">
				couId = #{couid,jdbcType=INTEGER},
			</if>
			<if test="claid != null">
				claId = #{claid,jdbcType=INTEGER},
			</if>
			<if test="hwname != null">
				hwName = #{hwname,jdbcType=VARCHAR},
			</if>
			<if test="hwcreatetime != null">
				hwCreatetime = #{hwcreatetime,jdbcType=DATE},
			</if>
			<if test="hwinfo != null">
				hwInfo = #{hwinfo,jdbcType=VARCHAR},
			</if>
			<if test="hwpstatus != null">
				hwpStatus = #{hwpstatus,jdbcType=VARCHAR},
			</if>
		</set>
		where hwpId = #{hwpid,jdbcType=INTEGER}
	</update>
	<update id="updateByPrimaryKey" parameterType="com.ali.model.HworkPublish">
		update
		hworkpublish
		set couId = #{couid,jdbcType=INTEGER},
		claId =
		#{claid,jdbcType=INTEGER},
		hwName = #{hwname,jdbcType=VARCHAR},
		hwCreatetime = #{hwcreatetime,jdbcType=DATE},
		hwInfo =
		#{hwinfo,jdbcType=VARCHAR},
		hwpStatus = #{hwpstatus,jdbcType=VARCHAR}
		where hwpId = #{hwpid,jdbcType=INTEGER}
	</update>
	<!-- -->
	<select id="selectHworkPublishByClaId" resultMap="BaseResultMap"
		parameterType="java.lang.Integer">
		select
		<include refid="Base_Column_List" />
		from hworkpublish
		where claId = #{claId,jdbcType=INTEGER}
		order by hwpId asc
	</select>
	<select id="selectHworkPublishByCouId" resultMap="BaseResultMap"
		parameterType="java.lang.Integer">
		select
		<include refid="Base_Column_List" />
		from hworkpublish
		where claId = #{claId,jdbcType=INTEGER} and couId =
		#{couId,jdbcType=INTEGER}
	</select>
	<select id="countHworkPublishByClaId" resultType="java.lang.Integer">
		select
		count(*)
		from
		hworkpublish
		where claId = #{claId,jdbcType=INTEGER}
	</select>

	<select id="selectAllHwpRM" resultMap="HworkPublishResultMap">
		select hwpId,
		hworkpublish.couId,couName, hworkpublish.claId, claName,hwName,
		hwCreatetime, hwInfo,
		hwpStatus
		from hworkpublish
		left join courses on courses.couId=hworkpublish.couId
		left join classes on classes.claId=hworkpublish.claId
		limit #{startNo,jdbcType=INTEGER},#{pageSize,jdbcType=INTEGER}
	</select>

	<select id="countHworkPublishInfo" resultType="java.lang.Integer">
		select
		count(*)
		from
		hworkpublish
	</select>
</mapper>