<?xml version="1.0" encoding="UTF-8"?>
<!DOCTYPE mapper PUBLIC "-//mybatis.org//DTD Mapper 3.0//EN" "http://mybatis.org/dtd/mybatis-3-mapper.dtd">
<mapper namespace="com.ali.mapper.StudentsMapper">

	<resultMap id="BaseResultMap" type="com.ali.model.Students">
		<id column="stuId" jdbcType="INTEGER" property="stuid" />
		<result column="claId" jdbcType="INTEGER" property="claid" />
		<result column="stuName" jdbcType="VARCHAR" property="stuname" />
		<result column="stuPwd" jdbcType="VARCHAR" property="stupwd" />
		<result column="stuSex" jdbcType="VARCHAR" property="stusex" />
		<result column="stuAge" jdbcType="INTEGER" property="stuage" />
		<result column="stuTel" jdbcType="VARCHAR" property="stutel" />
		<result column="stuEmail" jdbcType="VARCHAR" property="stuemail" />
		<result column="stuStatus" jdbcType="VARCHAR" property="stustatus" />
	</resultMap>
	<resultMap id="stuResultMap" type="com.ali.resultMap.StuResultMap">
		<id column="stuId" jdbcType="INTEGER" property="stuid" />
		<result column="claId" jdbcType="INTEGER" property="claid" />
		<result column="claName" jdbcType="INTEGER" property="claname" />
		<result column="stuName" jdbcType="VARCHAR" property="stuname" />
		<result column="stuPwd" jdbcType="VARCHAR" property="stupwd" />
		<result column="stuSex" jdbcType="VARCHAR" property="stusex" />
		<result column="stuAge" jdbcType="INTEGER" property="stuage" />
		<result column="stuTel" jdbcType="VARCHAR" property="stutel" />
		<result column="stuEmail" jdbcType="VARCHAR" property="stuemail" />
		<result column="stuStatus" jdbcType="VARCHAR" property="stustatus" />
	</resultMap>

	<sql id="Base_Column_List">
		stuId, claId, stuName, stuPwd, stuSex, stuAge, stuTel,
		stuEmail, stuStatus
	</sql>
	<select id="selectByPrimaryKey" parameterType="java.lang.Integer"
		resultMap="BaseResultMap">
		select
		<include refid="Base_Column_List" />
		from students
		where stuId = #{stuid,jdbcType=INTEGER}
	</select>
	<delete id="deleteByPrimaryKey" parameterType="java.lang.Integer">
		delete from
		students
		where stuId = #{stuid,jdbcType=INTEGER}
	</delete>
	<insert id="insert" parameterType="com.ali.model.Students">
		insert into students (stuId,
		claId, stuName,
		stuPwd, stuSex, stuAge,
		stuTel, stuEmail, stuStatus
		)
		values (#{stuid,jdbcType=INTEGER}, #{claid,jdbcType=INTEGER},
		#{stuname,jdbcType=VARCHAR},
		#{stupwd,jdbcType=VARCHAR},
		#{stusex,jdbcType=VARCHAR}, #{stuage,jdbcType=INTEGER},
		#{stutel,jdbcType=VARCHAR}, #{stuemail,jdbcType=VARCHAR},
		#{stustatus,jdbcType=VARCHAR}
		)
	</insert>
	<insert id="insertSelective" parameterType="com.ali.model.Students">
		insert into students
		<trim prefix="(" suffix=")" suffixOverrides=",">
			<if test="stuid != null">
				stuId,
			</if>
			<if test="claid != null">
				claId,
			</if>
			<if test="stuname != null">
				stuName,
			</if>
			<if test="stupwd != null">
				stuPwd,
			</if>
			<if test="stusex != null">
				stuSex,
			</if>
			<if test="stuage != null">
				stuAge,
			</if>
			<if test="stutel != null">
				stuTel,
			</if>
			<if test="stuemail != null">
				stuEmail,
			</if>
			<if test="stustatus != null">
				stuStatus,
			</if>
		</trim>
		<trim prefix="values (" suffix=")" suffixOverrides=",">
			<if test="stuid != null">
				#{stuid,jdbcType=INTEGER},
			</if>
			<if test="claid != null">
				#{claid,jdbcType=INTEGER},
			</if>
			<if test="stuname != null">
				#{stuname,jdbcType=VARCHAR},
			</if>
			<if test="stupwd != null">
				#{stupwd,jdbcType=VARCHAR},
			</if>
			<if test="stusex != null">
				#{stusex,jdbcType=VARCHAR},
			</if>
			<if test="stuage != null">
				#{stuage,jdbcType=INTEGER},
			</if>
			<if test="stutel != null">
				#{stutel,jdbcType=VARCHAR},
			</if>
			<if test="stuemail != null">
				#{stuemail,jdbcType=VARCHAR},
			</if>
			<if test="stustatus != null">
				#{stustatus,jdbcType=VARCHAR},
			</if>
		</trim>
	</insert>
	<update id="updateByPrimaryKeySelective" parameterType="com.ali.model.Students">
		update students
		<set>
			<if test="claid != null">
				claId = #{claid,jdbcType=INTEGER},
			</if>
			<if test="stuname != null">
				stuName = #{stuname,jdbcType=VARCHAR},
			</if>
			<if test="stupwd != null">
				stuPwd = #{stupwd,jdbcType=VARCHAR},
			</if>
			<if test="stusex != null">
				stuSex = #{stusex,jdbcType=VARCHAR},
			</if>
			<if test="stuage != null">
				stuAge = #{stuage,jdbcType=INTEGER},
			</if>
			<if test="stutel != null">
				stuTel = #{stutel,jdbcType=VARCHAR},
			</if>
			<if test="stuemail != null">
				stuEmail = #{stuemail,jdbcType=VARCHAR},
			</if>
			<if test="stustatus != null">
				stuStatus = #{stustatus,jdbcType=VARCHAR},
			</if>
		</set>
		where stuId = #{stuid,jdbcType=INTEGER}
	</update>
	<update id="updateByPrimaryKey" parameterType="com.ali.model.Students">
		update students
		set claId = #{claid,jdbcType=INTEGER},
		stuName =
		#{stuname,jdbcType=VARCHAR},
		stuPwd = #{stupwd,jdbcType=VARCHAR},
		stuSex = #{stusex,jdbcType=VARCHAR},
		stuAge =
		#{stuage,jdbcType=INTEGER},
		stuTel = #{stutel,jdbcType=VARCHAR},
		stuEmail = #{stuemail,jdbcType=VARCHAR},
		stuStatus =
		#{stustatus,jdbcType=VARCHAR}
		where stuId = #{stuid,jdbcType=INTEGER}
	</update>
	<!-- -->
	<select id="selectAllStuInfo" parameterType="java.lang.Integer"
		resultMap="stuResultMap">
		select
		stuId, students.claId, stuName, stuPwd, stuSex,
		stuAge, stuTel,
		stuEmail, stuStatus,claName
		from students
		left join
		classes
		on
		students.claId=classes.claId
		order by
		stuId asc
		limit
		#{startNo,jdbcType=INTEGER},#{pageSize,jdbcType=INTEGER};
	</select>
	<select id="countStuInfo" resultType="java.lang.Integer">
		select count(stuId)
		from
		students
	</select>
</mapper>