<?xml version="1.0" encoding="UTF-8" ?>
<!DOCTYPE mapper PUBLIC "-//mybatis.org//DTD Mapper 3.0//EN" "http://mybatis.org/dtd/mybatis-3-mapper.dtd" >
<mapper namespace="com.ali.mapper.TeachClaCouMapper">
	<resultMap id="BaseResultMap" type="com.ali.model.TeachClaCou">
		<id column="tccId" property="tccid" jdbcType="INTEGER" />
		<result column="teachId" property="teachid" jdbcType="INTEGER" />
		<result column="claId" property="claid" jdbcType="INTEGER" />
		<result column="couId" property="couid" jdbcType="INTEGER" />
		<result column="tccStatus" property="tccstatus" jdbcType="VARCHAR" />
	</resultMap>

	<resultMap id="TccResultMap" type="com.ali.resultMap.TccResultMap">
		<id column="tccId" property="tccid" jdbcType="INTEGER" />
		<result column="teachId" property="teachid" jdbcType="INTEGER" />
		<result column="teachName" property="teachname" jdbcType="VARCHAR" />
		<result column="claId" property="claid" jdbcType="INTEGER" />
		<result column="claName" property="claname" jdbcType="VARCHAR" />
		<result column="couId" property="couid" jdbcType="INTEGER" />
		<result column="couName" property="couname" jdbcType="VARCHAR" />
		<result column="tccStatus" property="tccstatus" jdbcType="VARCHAR" />
	</resultMap>

	<sql id="Base_Column_List">
		tccId, teachId, claId, couId, tccStatus
	</sql>
	<select id="selectByPrimaryKey" resultMap="BaseResultMap"
		parameterType="java.lang.Integer">
		select
		<include refid="Base_Column_List" />
		from teach_cla_cou
		where tccId = #{tccid,jdbcType=INTEGER}
	</select>
	<delete id="deleteByPrimaryKey" parameterType="java.lang.Integer">
		delete from
		teach_cla_cou
		where tccId = #{tccid,jdbcType=INTEGER}
	</delete>
	<insert id="insert" parameterType="com.ali.model.TeachClaCou">
		insert into teach_cla_cou
		(tccId, teachId, claId,
		couId, tccStatus)
		values
		(#{tccid,jdbcType=INTEGER}, #{teachid,jdbcType=INTEGER},
		#{claid,jdbcType=INTEGER},
		#{couid,jdbcType=INTEGER},
		#{tccstatus,jdbcType=VARCHAR})
	</insert>
	<insert id="insertSelective" parameterType="com.ali.model.TeachClaCou">
		insert into teach_cla_cou
		<trim prefix="(" suffix=")" suffixOverrides=",">
			<if test="tccid != null">
				tccId,
			</if>
			<if test="teachid != null">
				teachId,
			</if>
			<if test="claid != null">
				claId,
			</if>
			<if test="couid != null">
				couId,
			</if>
			<if test="tccstatus != null">
				tccStatus,
			</if>
		</trim>
		<trim prefix="values (" suffix=")" suffixOverrides=",">
			<if test="tccid != null">
				#{tccid,jdbcType=INTEGER},
			</if>
			<if test="teachid != null">
				#{teachid,jdbcType=INTEGER},
			</if>
			<if test="claid != null">
				#{claid,jdbcType=INTEGER},
			</if>
			<if test="couid != null">
				#{couid,jdbcType=INTEGER},
			</if>
			<if test="tccstatus != null">
				#{tccstatus,jdbcType=VARCHAR},
			</if>
		</trim>
	</insert>
	<update id="updateByPrimaryKeySelective" parameterType="com.ali.model.TeachClaCou">
		update teach_cla_cou
		<set>
			<if test="teachid != null">
				teachId = #{teachid,jdbcType=INTEGER},
			</if>
			<if test="claid != null">
				claId = #{claid,jdbcType=INTEGER},
			</if>
			<if test="couid != null">
				couId = #{couid,jdbcType=INTEGER},
			</if>
			<if test="tccstatus != null">
				tccStatus = #{tccstatus,jdbcType=VARCHAR},
			</if>
		</set>
		where tccId = #{tccid,jdbcType=INTEGER}
	</update>
	<update id="updateByPrimaryKey" parameterType="com.ali.model.TeachClaCou">
		update
		teach_cla_cou
		set teachId = #{teachid,jdbcType=INTEGER},
		claId =
		#{claid,jdbcType=INTEGER},
		couId = #{couid,jdbcType=INTEGER},
		tccStatus
		= #{tccstatus,jdbcType=VARCHAR}
		where tccId = #{tccid,jdbcType=INTEGER}
	</update>
	<!-- start 我新增的几个条件查询 -->
	<select id="selectTccByClaId" resultMap="BaseResultMap"
		parameterType="java.lang.Integer">
		select
		<include refid="Base_Column_List" />
		from teach_cla_cou
		where claId = #{claId,jdbcType=INTEGER}
		limit
		#{StartNo,jdbcType=INTEGER},#{pageSize,jdbcType=INTEGER};
	</select>
	<select id="selectTccByCouId" resultMap="BaseResultMap"
		parameterType="java.lang.Integer">
		select
		<include refid="Base_Column_List" />
		from teach_cla_cou
		where couId = #{couId,jdbcType=INTEGER}
		limit
		#{StartNo,jdbcType=INTEGER},#{pageSize,jdbcType=INTEGER};
	</select>
	<select id="selectTccByTeachId" resultMap="BaseResultMap"
		parameterType="java.lang.Integer">
		select
		<include refid="Base_Column_List" />
		from teach_cla_cou
		where teachId = #{teachId,jdbcType=INTEGER}
		limit
		#{StartNo,jdbcType=INTEGER},#{pageSize,jdbcType=INTEGER};
	</select>


	<sql id="Extra_Column_List">
		tccId,teach_cla_cou.teachId,teachName,teach_cla_cou.claId,claName,teach_cla_cou.couId,couName,tccStatus
	</sql>
	<sql id="tccResultMap_left_join">
		left join teacher on
		teach_cla_cou.teachId=teacher.teachId
		left join classes on
		teach_cla_cou.claId=classes.claId
		left join courses
		on
		teach_cla_cou.couId=courses.couId
	</sql>

	<select id="selectAllTccRM" resultMap="TccResultMap"
		parameterType="java.lang.Integer">
		select
		<include refid="Extra_Column_List" />
		from teach_cla_cou
		<include refid="tccResultMap_left_join" />
		order by tccId asc
		limit
		#{StartNo,jdbcType=INTEGER},#{pageSize,jdbcType=INTEGER};
	</select>

	<select id="selectTccRMByTccId" resultMap="TccResultMap"
		parameterType="java.lang.Integer">
		select
		<include refid="Extra_Column_List" />
		from teach_cla_cou
		<include refid="tccResultMap_left_join" />
		where tccId =
		#{tccId,jdbcType=INTEGER}
		order by tccId asc
		limit
		#{StartNo,jdbcType=INTEGER},#{pageSize,jdbcType=INTEGER};
	</select>

	<select id="selectTccRMByClaId" resultMap="TccResultMap">
		select
		<include refid="Extra_Column_List" />
		from teach_cla_cou
		<include refid="tccResultMap_left_join" />
		where classes.claId=
		#{claId,jdbcType=INTEGER}
		order by tccId asc
		limit
		#{StartNo,jdbcType=INTEGER},#{pageSize,jdbcType=INTEGER};
	</select>

	<select id="selectTccRMByCouId" resultMap="TccResultMap"
		parameterType="java.lang.Integer">
		select
		<include refid="Extra_Column_List" />
		from teach_cla_cou
		<include refid="tccResultMap_left_join" />
		where courses.couId=
		#{couId,jdbcType=INTEGER}
		order by tccId asc
		limit
		#{StartNo,jdbcType=INTEGER},#{pageSize,jdbcType=INTEGER};
	</select>

	<select id="selectTccRMByTeachId" resultMap="TccResultMap"
		parameterType="java.lang.Integer">
		select
		<include refid="Extra_Column_List" />
		from teach_cla_cou
		<include refid="tccResultMap_left_join" />
		where teacher.teachId=
		#{teachId,jdbcType=INTEGER}
		order by tccId asc
		limit
		#{StartNo,jdbcType=INTEGER},#{pageSize,jdbcType=INTEGER};
	</select>

	<select id="countAllTccRM" resultType="java.lang.Integer">
		select count(tccId) from
		teach_cla_cou
	</select>

	<!-- <select id="selectTccRMByTeachId" resultMap="TccResultMap"
		parameterType="java.lang.Integer">
		select
		<include refid="Extra_Column_List" />
		count(distinct claId)
		from teach_cla_cou
		<include refid="tccResultMap_left_join" />
		where teacher.teachId=
		#{teachId,jdbcType=INTEGER}
		order by tccId asc
		limit
		#{StartNo,jdbcType=INTEGER},#{pageSize,jdbcType=INTEGER};
	</select> -->
</mapper>