<?xml version="1.0" encoding="UTF-8" ?>
<!DOCTYPE mapper PUBLIC "-//mybatis.org//DTD Mapper 3.0//EN" "http://mybatis.org/dtd/mybatis-3-mapper.dtd" >
<mapper namespace="com.ali.mapper.TeacherMapper">
	<resultMap id="BaseResultMap" type="com.ali.model.Teacher">
		<id column="teachId" property="teachid" jdbcType="INTEGER" />
		<result column="teachName" property="teachname" jdbcType="VARCHAR" />
		<result column="teachPwd" property="teachpwd" jdbcType="VARCHAR" />
		<result column="teachSex" property="teachsex" jdbcType="VARCHAR" />
		<result column="teachAge" property="teachage" jdbcType="INTEGER" />
		<result column="teachTel" property="teachtel" jdbcType="VARCHAR" />
		<result column="teachEmail" property="teachemail" jdbcType="VARCHAR" />
		<result column="teachStatus" property="teachstatus" jdbcType="VARCHAR" />
	</resultMap>
	<sql id="Base_Column_List">
		teachId, teachName, teachPwd, teachSex, teachAge, teachTel, teachEmail,
		teachStatus
	</sql>
	<select id="selectByPrimaryKey" resultMap="BaseResultMap"
		parameterType="java.lang.Integer">
		select
		<include refid="Base_Column_List" />
		from teacher
		where teachId = #{teachid,jdbcType=INTEGER}
	</select>
	<delete id="deleteByPrimaryKey" parameterType="java.lang.Integer">
		delete from teacher
		where teachId = #{teachid,jdbcType=INTEGER}
	</delete>
	<insert id="insert" parameterType="com.ali.model.Teacher">
		insert into teacher (teachId, teachName, teachPwd,
		teachSex, teachAge, teachTel,
		teachEmail, teachStatus)
		values (#{teachid,jdbcType=INTEGER}, #{teachname,jdbcType=VARCHAR},
		#{teachpwd,jdbcType=VARCHAR},
		#{teachsex,jdbcType=VARCHAR}, #{teachage,jdbcType=INTEGER}, #{teachtel,jdbcType=VARCHAR},
		#{teachemail,jdbcType=VARCHAR}, #{teachstatus,jdbcType=VARCHAR})
	</insert>
	<insert id="insertSelective" parameterType="com.ali.model.Teacher">
		insert into teacher
		<trim prefix="(" suffix=")" suffixOverrides=",">
			<if test="teachid != null">
				teachId,
			</if>
			<if test="teachname != null">
				teachName,
			</if>
			<if test="teachpwd != null">
				teachPwd,
			</if>
			<if test="teachsex != null">
				teachSex,
			</if>
			<if test="teachage != null">
				teachAge,
			</if>
			<if test="teachtel != null">
				teachTel,
			</if>
			<if test="teachemail != null">
				teachEmail,
			</if>
			<if test="teachstatus != null">
				teachStatus,
			</if>
		</trim>
		<trim prefix="values (" suffix=")" suffixOverrides=",">
			<if test="teachid != null">
				#{teachid,jdbcType=INTEGER},
			</if>
			<if test="teachname != null">
				#{teachname,jdbcType=VARCHAR},
			</if>
			<if test="teachpwd != null">
				#{teachpwd,jdbcType=VARCHAR},
			</if>
			<if test="teachsex != null">
				#{teachsex,jdbcType=VARCHAR},
			</if>
			<if test="teachage != null">
				#{teachage,jdbcType=INTEGER},
			</if>
			<if test="teachtel != null">
				#{teachtel,jdbcType=VARCHAR},
			</if>
			<if test="teachemail != null">
				#{teachemail,jdbcType=VARCHAR},
			</if>
			<if test="teachstatus != null">
				#{teachstatus,jdbcType=VARCHAR},
			</if>
		</trim>
	</insert>
	<update id="updateByPrimaryKeySelective" parameterType="com.ali.model.Teacher">
		update teacher
		<set>
			<if test="teachname != null">
				teachName = #{teachname,jdbcType=VARCHAR},
			</if>
			<if test="teachpwd != null">
				teachPwd = #{teachpwd,jdbcType=VARCHAR},
			</if>
			<if test="teachsex != null">
				teachSex = #{teachsex,jdbcType=VARCHAR},
			</if>
			<if test="teachage != null">
				teachAge = #{teachage,jdbcType=INTEGER},
			</if>
			<if test="teachtel != null">
				teachTel = #{teachtel,jdbcType=VARCHAR},
			</if>
			<if test="teachemail != null">
				teachEmail = #{teachemail,jdbcType=VARCHAR},
			</if>
			<if test="teachstatus != null">
				teachStatus = #{teachstatus,jdbcType=VARCHAR},
			</if>
		</set>
		where teachId = #{teachid,jdbcType=INTEGER}
	</update>
	<update id="updateByPrimaryKey" parameterType="com.ali.model.Teacher">
		update teacher
		set teachName = #{teachname,jdbcType=VARCHAR},
		teachPwd = #{teachpwd,jdbcType=VARCHAR},
		teachSex = #{teachsex,jdbcType=VARCHAR},
		teachAge = #{teachage,jdbcType=INTEGER},
		teachTel = #{teachtel,jdbcType=VARCHAR},
		teachEmail = #{teachemail,jdbcType=VARCHAR},
		teachStatus = #{teachstatus,jdbcType=VARCHAR}
		where teachId = #{teachid,jdbcType=INTEGER}
	</update>

	<!-- -->
	<select id="selectAllTeachInfo" resultMap="BaseResultMap"
		parameterType="java.lang.Integer">
		select
		<include refid="Base_Column_List" />
		from teacher
		order by teachId asc
		limit
		#{startNo,jdbcType=INTEGER},#{pageSize,jdbcType=INTEGER};
	</select>
	<select id="countTeachInfo" resultType="java.lang.Integer">
		select count(teachId)
		from
		teacher
	</select>
</mapper>